S.No,Pesticide_Consumption,Land_Size,Irrigation,pH_Level,Crop_Yield
0,2.1854305348131313,1.9253560307312036,778.307310541729,5.763430057158187,10.0
1,4.7782143788446225,1.1690086594369336,334.4790081782106,7.230591517817825,10.0
2,3.793972738151323,0.7776993932579295,328.52736057562714,5.8145464163594305,10.0
3,3.1939631788866647,1.3128514210675373,441.0935373466001,6.119575718418199,10.0
4,1.2020838819909643,1.8094187538146125,430.852841867953,6.080091063924874,10.0
5,1.201975341512912,1.5983373296143417,423.4893995359999,7.242828068381709,10.0
6,0.7613762547568976,1.7098417217921746,753.1272902605183,6.845405988417796,10.0
7,4.3977926559872085,1.488175050066076,424.77309992475307,7.093362794382744,10.0
8,3.20501755284444,1.5384148467767786,435.9748630643155,6.000935797584998,10.0
9,3.6863266000822046,1.7737934773479789,679.6991312089818,6.749748199213998,10.0
10,0.592630224331111,0.8745020132887789,524.86992122527,6.643491966287497,9.345887749986053
11,4.864594334728975,1.2341374454647107,688.3552784775907,7.165660753576542,10.0
12,4.2459918836018975,0.8318141627294033,332.68307878219264,7.312174120962521,10.0
13,1.4555259980522428,1.9815020119949704,543.7855968366921,5.524313542954774,10.0
14,1.318212352431953,1.91608900952992,316.8068000916413,6.848039838117585,10.0
15,1.325320294340452,0.5591402170527588,331.32660172767726,5.603671598239458,7.989065273150991
16,1.8690900933179198,1.5583627587735327,753.2187266722055,6.597717330154712,10.0
17,2.86140394234507,1.8878724761234986,369.62268555879757,6.075265458087356,10.0
18,2.4437525838895207,0.7708630176910003,566.2103411376086,6.113553199044283,10.0
19,1.8105311308911887,1.3519178458289443,505.5478013003533,6.205917006904713,10.0
20,3.2533380262507077,1.8732324463820627,473.67166312942135,6.742584898099221,10.0
21,1.1277223729341883,0.5509189678786983,749.9166728436362,6.168099931337538,10.0
22,1.8146509184084816,1.5461304008702599,310.91169838774476,6.965398101180561,10.0
23,2.148628294821613,0.9460235110588262,631.8948430877945,6.309054771147739,10.0
24,2.552314928976662,1.8865942930647956,781.6972171067753,5.636706400619917,10.0
25,4.033291826268561,1.9565873677480516,580.084091730921,7.0675196849682145,10.0
26,1.3985320197126188,1.9163997336701508,768.4112310165459,6.071516649185412,10.0
27,2.814054972861252,1.2113213249861956,326.1289396430119,6.3655337591985255,10.0
28,3.165865559879191,1.7930639764839702,509.3966595370807,6.870887766443803,10.0
29,0.7090268572399898,1.7668240978026055,430.0788954810256,6.164912314297424,10.0
30,3.2339518335564725,0.9786507098648835,665.4104824903649,5.6131713122934315,10.0
31,1.2673585565928118,1.743373211226016,790.6485452486233,6.247842094025627,10.0
32,0.7927321684337578,0.5555114520732389,428.26503122212387,7.388897165388607,8.6287659932012
33,4.7699849176399995,1.3944048177230797,627.0873007370373,6.783468794597116,10.0
34,4.845344148835517,0.8450132559315546,399.04881637987006,6.842958297334414,10.0
35,4.137788066524076,0.6808503286659182,582.6651272858049,6.76456430727528,10.0
36,1.870761961280168,0.6154298024438137,531.9662433441681,5.897984277918874,10.0
37,0.9395245130287274,1.5444331638172097,786.0026648157685,6.33666772820456,10.0
38,3.579048619304706,1.0098124456520992,604.2636363482333,7.001879596726637,10.0
39,2.480686221828206,1.5871501572931421,474.7531860434094,5.702745795106319,10.0
40,1.0491720568015048,0.5980345111984136,357.0478924439667,6.0557055521794245,8.21195783110228
41,2.728296095500716,0.9729355067459156,375.62341436746726,6.052638216931707,10.0
42,0.6547483450184828,1.3092369385630058,412.65846497561756,6.364037855189012,9.09023599945925
43,4.59194180935452,1.6860847472584453,425.48333067014903,7.460737481884371,10.0
44,1.6645099172000761,0.9781287543981049,725.3080289205689,5.635005093367644,10.0
45,3.481350279592919,1.4388370646555138,580.6113941412625,6.53740198876119,10.0
46,1.9026998424023494,1.8289666223542806,561.6954556871832,5.858729364024421,10.0
47,2.8403060953001487,1.423794782273457,357.38443593460875,7.441353090819488,10.0
48,2.9601962570447586,0.8494392121304506,730.0698466747175,5.726607009454929,10.0
49,1.3318450498648717,0.536601172334807,661.4071516042418,6.307202004723182,10.0
50,4.863130824940513,1.8051483108513948,333.8341809500008,6.975769969669212,10.0
51,3.9880977051250155,0.5319041162755807,653.9175486148843,6.909108856054891,10.0
52,4.727745237038851,1.812052509026299,571.769108671323,6.345457273787865,10.0
53,4.526723076924419,1.293405701040818,340.8626728733891,6.193048335905436,10.0
54,3.1905499046498833,1.9086015477693443,529.1503207643282,6.295224757105741,10.0
55,4.6484340576040255,1.6981748536604981,542.3481435650235,6.028552526317279,10.0
56,0.8982162592336378,1.9969011658000062,382.8872700816379,5.910665877413599,10.0
57,1.3819228808861534,1.0260677231775652,772.8490735001412,6.46607939511778,10.0
58,0.7035228000974213,1.6507824333966903,724.987685740331,6.037067512135215,10.0
59,1.9639864884346896,1.1028963704138632,634.5111686645541,6.0749233297945,10.0
60,2.249047803602669,1.2198134304558632,531.1477805003036,6.813512126949114,10.0
61,1.7210706429825315,1.4412581948275551,505.8827707922543,7.437074663399784,10.0
62,4.229318791183682,1.810515671279508,625.486733575477,6.707274401118751,10.0
63,2.105389970121152,1.9761252037989427,572.7159347034527,5.653958934129933,10.0
64,1.7642052935932133,1.6524101207967772,331.1365529409428,5.651167227708134,10.0
65,2.942132374212118,1.1266501732510006,556.2513243851658,7.402846441691132,10.0
66,1.1341590123864318,1.1320355034156053,703.2018086164197,6.094581580614667,10.0
67,4.109886413393179,1.6063734523833373,529.6199387984791,5.68413397216495,10.0
68,0.8354778965589686,0.8581657186524535,325.9782887771342,6.698089174300764,8.050627961602373
69,4.940991214702327,0.665711169697092,693.1390996920165,6.747297556580532,10.0
70,3.9751014618349583,1.0319332364611649,400.6818910679872,6.797009640237376,10.0
71,1.3942205669037757,0.9308584874811225,429.3104174440194,6.034804055715083,9.865134282346112
72,0.5248495270562108,0.9444621806839851,382.3531767161479,5.5302213684289505,7.799823930504481
73,4.169576428046754,0.8504116265748649,465.1075324357488,7.430030738908943,10.0
74,3.680858047314277,0.5631397844545428,678.3757528443175,6.001786091382205,10.0
75,3.780532256184443,0.5268109021001207,559.6929297519687,6.852052576105095,10.0
76,3.970716560086756,1.9815835846040473,402.4406370753563,6.913259739757419,10.0
77,0.8332009328034067,1.1416597006037934,738.9150390760204,6.720014834158971,10.0
78,2.113095778449227,1.0764899707395226,739.7909274757646,6.125814788427297,10.0
79,1.0214107678630837,1.5194709240396047,735.2892125230035,6.0421925075281315,10.0
80,4.383965416440171,0.8273808317975963,419.3981056907696,6.695336565405406,10.0
81,3.304841570724011,1.924941775925338,525.6196720904941,7.232191267223383,10.0
82,1.9890411118369213,1.679517521623328,792.4948280704375,7.393467457846791,10.0
83,0.7860125762871064,0.6341165034683893,686.0062381549951,5.7118116088075155,10.0
84,1.89942044772048,1.1263711636773925,313.5837106127799,5.80965722519544,9.616596409890633
85,1.9633249491203617,1.818677461343247,332.60229563024603,7.389472517566159,10.0
86,3.783227802521288,1.9170980334371155,531.9656884061664,6.973070456669586,10.0
87,3.369008621098459,1.2011022668748046,754.6101029307802,7.265987649659547,10.0
88,4.49245734159347,1.4201170838160615,569.350898976357,5.9052652682706865,10.0
89,2.6249671632287717,0.7505509191381128,548.9062540171451,6.6751717422188035,10.0
90,1.0381741067223578,1.9867529392054648,352.73684997831526,6.902279188834948,10.0
91,3.7096015425034774,0.8475075520751651,628.390052362147,6.8602237708939455,10.0
92,3.9235327187760385,1.9140976612026885,711.0515803001127,6.3163033817333964,10.0
93,3.025747389062733,1.4744699734885527,490.21000375378117,5.530789783382617,10.0
94,3.9693523097955246,1.4116051923182886,687.8059254626637,6.665852113608526,10.0
95,2.7220801836397586,1.269032766524763,782.2383269504057,6.006203078359217,10.0
96,2.852297732218973,0.8460047175766381,401.88322956384457,6.4005084922857804,10.0
97,2.423934582613473,0.7647920480082624,561.6648155973706,7.415162030167634,10.0
98,0.6143860703484283,0.830729313605263,443.56897904228776,6.298070635284869,8.638724009655638
99,0.98551142146987,0.7796573932163817,696.4272095169197,7.179603213328853,10.0
100,0.6414313355903041,1.66937671035013,588.7966829405788,5.877081211498503,10.0
101,3.3638468506870116,1.0251878887500951,617.2912087751519,6.844920996050058,10.0
102,1.91460191484347,0.5867640148450946,698.957079807947,7.4540139088778865,10.0
103,2.7885681102411626,1.953653945211217,497.98523633122744,5.703786201745873,10.0
104,4.584049132667419,1.8256788274451385,757.5450342035216,5.516639884454384,10.0
105,1.6218150311699373,1.8916284247928195,566.51443362307,6.367165585265228,10.0
106,2.3467231536603337,1.9923617339696529,378.97741141767403,5.685250966102735,10.0
107,3.899980123443719,0.760842873829231,647.9495590844012,6.9967686993524625,10.0
108,1.529591744712301,1.094363028353988,696.6306752191272,7.329097327697118,10.0
109,0.8464095942295684,1.637357713556137,458.3808385337633,6.3680419454175174,10.0
110,1.8038815381119562,1.5440309270806885,728.5896284993764,6.0174232843108815,10.0
111,1.2254957926430199,0.7308438595097826,753.0716273828832,6.368806638013219,10.0
112,4.683639435541579,1.7237496874859266,438.45224368890445,6.9468956357000025,10.0
113,4.136541708039877,0.836660857754991,791.760736357611,5.518108323160742,10.0
114,3.3503169042969057,0.8357264222339347,370.3557640243792,6.678907978969394,10.0
115,4.42157265584473,1.3054616343401204,401.007834201245,6.726583369774758,10.0
116,4.116524346046015,1.3894099022625548,392.11241961901305,6.775376493791871,10.0
117,1.3395652649871612,1.3701293117567168,746.9948550039352,5.984044159961755,10.0
118,4.5165154932049,0.6372302560966323,627.146276162481,6.928105446756254,10.0
119,2.927040088620428,1.8161912939455704,376.05214161113645,5.682782972663553,10.0
120,4.133480698238282,0.8984000638830592,520.1617091841745,5.898540672933602,10.0
121,4.53241084965572,0.6942723819242063,607.649012534901,7.254940093308964,10.0
122,1.9310156373733873,1.8331221198034657,341.73204249469165,6.977446301453133,10.0
123,0.9952336603745454,1.93347724734463,741.2081842036694,5.527491108022691,10.0
124,1.5257082314387376,1.793191425898176,701.8017677207677,5.996752520739601,10.0
125,2.4219850488181534,1.714274112087317,552.6033867883191,5.928812965986329,10.0
126,4.181066446651219,1.4828629709585326,783.5633076295852,6.041612656073945,10.0
127,4.373287624653545,1.3262860559137089,508.8804896375499,5.995119540559773,10.0
128,0.5312845873903582,0.6304801398671152,792.055159518249,5.625052591485692,9.893096093218372
129,2.798362861599046,1.1126798196060481,633.9599994018135,6.417881033193641,10.0
130,2.3783495141695052,1.059032775518471,617.3356366269707,6.96546694957233,10.0
131,1.4994851471182862,0.8896306756404893,382.9774476478925,6.713463449434872,9.76839235563768
132,1.0393941530015727,1.5851301705328775,740.963879152322,6.84574333719616,10.0
133,2.0192682713163257,1.243813602618156,513.7448439603075,5.662298357072478,10.0
134,4.743093667606336,0.6215693238614719,381.1167028912397,7.402981420353575,10.0
135,1.9544131940933984,0.830274802924717,306.3037599878795,7.1769836676860495,9.557325263318702
136,2.8345577978451475,1.5248881454893939,579.8778418191913,7.110180636991325,10.0
137,3.6635853150283,0.6141962892354502,563.6998110613381,7.1459676100835345,10.0
138,2.136333210706823,1.776810371073153,659.6768111845793,7.365421016265523,10.0
139,4.873019372244323,1.2427197905209615,745.129026508901,6.588507932227396,10.0
140,4.8310128272395,1.220879865989972,339.70329232151477,5.900564035735252,10.0
141,1.6330203312141387,1.3886116769892765,665.7482451701812,6.733567215705082,10.0
142,2.7376182765157346,1.7370214488877238,393.7059720487911,6.985762987335878,10.0
143,1.8539523941754634,1.0217138118532896,729.088526578582,6.975834786708051,10.0
144,1.7817822246986044,1.5170242288385953,709.5317569308281,6.54289804833376,10.0
145,0.6659912630953976,1.3485979459936865,570.3968774927722,5.636917438667156,10.0
146,3.243039502909536,0.900542405254132,655.1213993116558,6.242225876860256,10.0
147,2.7620556045298765,1.817944979532737,457.1750565918742,7.341533216926715,10.0
148,0.731654380624952,1.6961390324103922,535.5839494664074,6.668897819514852,10.0
149,1.7539090890647515,1.4876777519876383,710.8184488552358,6.576663886511427,10.0
150,4.587196486849941,1.7758725936413629,529.632598586607,6.0377070287643875,10.0
151,1.5780285080013758,1.8009413014397035,478.8991326627209,6.236897839833158,10.0
152,1.152026924410504,1.5625444650725522,547.1062236251499,7.2906921783063385,10.0
153,2.7025374212490334,1.755519992545508,714.1246262186091,6.832926095053671,10.0
154,4.935427043497703,1.5462071925039256,467.60402368543635,7.074774053504665,10.0
155,1.589248721801752,1.5202111576404507,386.8807965678719,6.40869084613531,10.0
156,3.5246099633264536,1.4279170673227766,656.0070101653904,6.760494438912316,10.0
157,3.927288268979229,1.629074959336462,712.9891063540409,5.996767217486415,10.0
158,1.5693689479657986,0.7379076579396106,350.31873926176667,6.910921660566973,9.253545681830131
159,3.776973568753368,1.8213061387983926,419.93705637797234,6.355202667406674,10.0
160,2.1550240972366392,1.807765291617848,370.98599488049695,6.385091029629491,10.0
161,3.3453762376711076,0.5438709245518387,473.97070579108333,6.798644649153763,10.0
162,3.3508836984240262,1.738725125847144,525.1754894527063,7.372561242937853,10.0
163,2.910986078336413,0.6933048012101678,674.4131684816532,5.628012693217242,10.0
164,0.9063039652448374,1.0026782813887127,625.573792440837,7.149486474694015,10.0
165,4.25886123015157,1.6152623844374117,610.4642837392156,6.0847662208243865,10.0
166,1.9435102923728111,0.7411398440724624,476.1874733048272,6.387838909012755,10.0
167,1.339333296799344,1.7269505361785933,720.7237765423799,5.543826657550018,10.0
168,0.6834881369964376,1.748201266936613,535.6435836990822,6.102092155668626,10.0
169,3.159018244347088,1.2612016006412543,789.5524690075772,6.5052624852602605,10.0
170,3.549039628290271,0.5095788075752503,617.0710691478685,5.612352154694878,10.0
171,0.5746452301753526,0.9305571997623692,363.13237078225137,6.48219145876633,8.106874730537859
172,2.8044187623467645,1.4253903775636134,638.088781037717,7.354221257716855,10.0
173,1.5192309883907207,1.9717792670411352,462.5520077158495,5.71078643621561,10.0
174,3.403277556842524,1.4477202905250026,643.1635983430488,7.028881456151009,10.0
175,1.2846489305224615,0.8897053715962397,334.8205740812029,6.319342106751986,8.739782827541967
176,3.609219821461097,1.451008554649417,387.4407185879797,6.810347429048676,10.0
177,2.2403090583524183,1.3099780695737833,727.8686294528932,6.0204731959704585,10.0
178,4.715284949315305,1.6697680927267153,413.58977851175746,5.818984525082716,10.0
179,1.1188442486569696,0.6604709582404376,718.52056262147,5.820925228542453,10.0
180,2.0347985797261634,1.641541853753042,439.6380442272052,5.6409838912862895,10.0
181,1.010630845582651,1.3118998680141654,621.4409550293537,5.871293409802486,10.0
182,4.661121282253532,1.944488005788492,647.0752867549155,6.828438769977937,10.0
183,4.448027090214414,1.012808249058029,556.3273765725264,7.263381223687016,10.0
184,1.6607373247182002,1.4489328397009222,452.6553383483656,7.128251371182324,10.0
185,3.4699282071538056,1.8980421582650262,406.32218818554804,6.870268619748968,10.0
186,4.177499900905471,0.6537645919860189,316.5946772812131,5.720863726822206,10.0
187,2.9984036521975805,1.9058427308546766,451.9732006203619,6.078374892591899,10.0
188,2.8834276026020293,1.53182858345122,626.5813952656415,6.1196137506449375,10.0
189,1.5883353090520327,0.6017555886577579,769.1524092242414,5.9999138927952425,10.0
190,0.9189624551265465,0.9514453504202244,735.602241131526,6.5300113194194465,10.0
191,4.5374709107899704,1.5622581329679224,683.0323882676513,6.571107629759345,10.0
192,4.551881257234987,0.6010259022031575,694.2236716266493,6.21377195034222,10.0
193,3.348956557729706,1.37325569026441,632.4924517379976,6.207578317472872,10.0
194,2.0256340597191533,1.018824585429435,430.14342878300147,7.1571111958121625,10.0
195,2.071443085756974,1.4313732766512157,753.5975153529149,7.078585696639371,10.0
196,3.766800554916077,0.5686130507187692,635.3661559529171,6.115591663361491,10.0
197,4.536996169786597,1.8073052092285644,580.22031549022,7.327576887746519,10.0
198,4.491888909193028,1.9602334537660955,355.4947346067405,7.4056300340050125,10.0
199,4.009439956359307,1.9533167829285372,523.5277719032127,6.153485084060081,10.0
200,3.389142407694295,1.624477747614387,530.1791356009631,6.208849897586109,10.0
201,0.8786298424777197,0.695129360195948,732.281804761335,6.511268306843918,10.0
202,1.227329213425762,1.6373947938935338,573.3241100938942,7.382241625067347,10.0
203,4.543493848371857,0.5368803746882023,490.20027448520483,7.252638866284623,10.0
204,3.2289307684681545,0.5331853272934959,788.4001642553296,5.70513592516718,10.0
205,0.5413867322748334,0.9854153287243119,355.36029666315784,6.285461486542832,7.881344900946958
206,0.9566219428971445,1.2329647856069985,511.27421415597234,6.6067423794995435,10.0
207,3.485757960986251,1.6556111267116898,321.01233758570265,6.50626494510308,10.0
208,0.5227771273079841,1.5249430649097577,669.9520603834651,5.887726135873786,10.0
209,1.2236362313787439,1.1688540595651224,759.0382760995753,7.217633542336309,10.0
210,2.9693020521496374,0.9104399994224988,440.0186647752447,6.8538815659936745,10.0
211,3.6135283896171195,1.9956867502365667,729.1708383995605,7.175816749703607,10.0
212,3.4338256677617025,1.1392719533539595,446.1091152309489,7.217528558698945,10.0
213,1.509211892572519,1.1770805364945132,755.3850808219577,6.99671170733148,10.0
214,3.7048064960639113,0.7454357317875038,676.980951798392,6.3784212024994345,10.0
215,1.5676208937356004,1.692214323124894,702.4533884207193,6.721093510030849,10.0
216,1.9642986417167048,1.540523338672233,309.00327780022724,5.8207308122394865,10.0
217,3.8592113230311087,0.8311544191831406,781.405178537013,6.847290834949815,10.0
218,3.423348045712466,0.623571568423764,663.3354960351617,5.858506511478561,10.0
219,4.3215053472238,1.5207489531120697,452.37554769306666,6.887899181020313,10.0
220,3.459258015351545,1.4817668214217028,714.6973324294235,5.959196321507937,10.0
221,3.057388715009622,0.9098892904973139,440.76059920746496,5.73510260030044,10.0
222,0.9215364552264161,1.9262953433756156,736.376919783064,5.830568980285915,10.0
223,2.154721113767451,0.7265868376713503,356.29019520596853,5.50398427043814,9.639793374907535
224,1.6934106545677645,1.1485022015639028,651.8429887303978,6.937479235707061,10.0
225,1.597953395205876,1.9154238802513983,570.3492383224552,6.964802098116758,10.0
226,4.878547496386005,1.1295909753891835,348.2672350977204,6.529866699826519,10.0
227,2.268939761000422,1.4577889214961284,420.9469141294195,5.822725602110768,10.0
228,4.51420949829701,1.0963915969441915,306.2020181386574,5.66710867502138,10.0
229,3.340123816987683,0.911322803523005,534.3839827322529,5.538257932874574,10.0
230,4.076650865937418,1.9759664719397423,450.6326303800002,5.831496353930442,10.0
231,2.7618669189733644,1.1140010094725645,599.1787421488793,7.281711069966294,10.0
232,3.096067480818616,1.8411488055187015,448.6189038543086,5.983073683403363,10.0
233,2.7163296221848876,0.8449319088366293,449.95955575349234,6.2085426544344315,10.0
234,1.3785934450912003,0.819657056037625,671.5965993658017,5.710690968962666,10.0
235,3.751034518676774,0.546701124326767,324.0714179891767,5.94472260949634,10.0
236,1.763475630983851,1.4775002380638276,751.4474975959936,6.5384491415604105,10.0
237,0.6094218489415423,1.0527895155856417,726.1319371955908,6.715505366191305,10.0
238,3.404625331582255,1.7965373747594555,633.9023416132032,5.990704628332422,10.0
239,1.2969980573317201,1.2098148600373357,596.6107850536921,5.615464318450234,10.0
240,4.732063629588114,1.9522901418720826,746.1512490698261,6.282065738254797,10.0
241,4.792678596511643,0.7782882735546817,392.6650897643572,5.968406741852668,10.0
242,4.616889755992018,1.8029347519334162,339.4845810954143,5.939107846459604,10.0
243,2.1657141511494995,1.6648952791876126,419.755084954769,7.41972560542691,10.0
244,0.5695547743799034,1.656382766966078,697.2891393500952,6.732600971851448,10.0
245,4.677433531644764,1.7671748421753315,317.33513336324165,6.613756886344191,10.0
246,2.4268286674279143,1.6415359864144983,591.4034175417448,6.331550207046644,10.0
247,4.849946685696513,1.4393304824471231,797.718758095655,6.357888666860289,10.0
248,4.836289896901638,0.6968673165235814,727.8480469187697,6.581810007676162,10.0
249,4.338542549603121,0.5487892692368779,560.7228445217947,6.892859614072215,10.0
250,1.8250200143131357,1.8812717717235303,331.82045464332117,6.904292192363659,10.0
251,2.232939778708664,1.424975471781107,715.6867571928549,5.8433878154109,10.0
252,4.330115021825856,1.6948059364642645,599.4892540886053,6.500225504153254,10.0
253,1.9261490232032494,1.222283527268825,357.4664985297834,6.3239161900682035,10.0
254,1.2627173600874162,0.6759622834435917,346.9286424116781,7.241053932538769,8.831432745115647
255,3.0056056810625758,0.6877786883038257,754.8134097182963,6.762837842436753,10.0
256,4.712696483723514,1.528347930843457,634.6001314690393,6.565008132831964,10.0
257,3.6321340850373787,1.145458842349194,714.6433996583778,5.730789284357835,10.0
258,3.0652752654021422,0.8007870900505051,739.4894501411336,6.711275778646823,10.0
259,0.9372942219684584,1.2373918201121552,585.8861760241612,5.734407811360467,10.0
260,3.267532520146264,0.5963134056127011,558.7231758775206,6.174413151131504,10.0
261,4.955242325469185,1.3729571028715981,515.2137051604951,5.7856839296286635,10.0
262,1.130378068564358,0.9034901066526465,458.47329389555966,6.884147294048738,9.885115985812387
263,2.8324834356368154,1.6963386509557823,517.2979804293559,5.912504227672305,10.0
264,4.4481788236758,0.9655429383853606,686.9398278650782,6.283718746376052,10.0
265,3.83345877989392,1.1828302236227017,600.9617155075657,7.291349555237558,10.0
266,3.636570834478706,0.517430809862151,746.261644977423,5.908632766797941,10.0
267,3.6611783779419915,0.6086703316918383,521.6900071895939,6.515610127917558,10.0
268,2.1177101804888983,1.0887403346100273,603.5447893593771,6.338543322332044,10.0
269,1.82116329919022,1.2199082520756852,615.6537765459943,5.5362480820914595,10.0
270,4.142125199653311,1.4000308221789557,595.8485811531627,7.085516227145625,10.0
271,4.145510276056314,0.9374938680639548,651.3168865427581,5.6380918126292,10.0
272,4.401825433610467,1.5424728291898138,418.7167341874031,6.448510041953908,10.0
273,4.609582486504121,1.7901835957838068,556.1818887728953,6.6213565898779,10.0
274,2.80104079487422,1.6697764833400246,352.11240140417385,6.756852913229174,10.0
275,2.756823326092398,0.5594282380225357,492.2556638224063,6.877263258615751,10.0
276,4.092328305350488,1.2207604208867435,543.8335343106322,6.00654476704543,10.0
277,3.4248376884999434,0.6573952676272623,626.1121297727362,5.519957553316899,10.0
278,3.658850947659665,0.8630675237937913,775.2655262931017,6.946887324709824,10.0
279,4.081067012462455,1.9799938899007197,600.3255332741779,6.571313198695157,10.0
280,4.505024038179048,0.7137433143522698,671.7969580882799,7.172235406414497,10.0
281,2.020978205831911,1.248332230177034,553.1330297476013,7.142776725801388,10.0
282,2.190123286879748,1.4272336014771787,617.0520156881657,7.186652335575767,10.0
283,0.9229187292839105,1.553697455816156,335.4661080668867,6.47018931995908,9.337776369295302
284,3.102260634482783,1.339473025230371,427.19579042092346,6.167256791673731,10.0
285,0.6617402320853394,0.5146562711287754,480.9265466025694,7.08311640518274,8.68641360240405
286,2.5951910815960706,0.9896919623659879,536.2466775032568,6.40258822605851,10.0
287,2.9419008561840947,1.276567465077067,322.82437275119185,5.866884392806869,10.0
288,1.7894356345772797,0.63179974871725,370.01204877665884,7.209948039122949,9.778190166653673
289,3.1587496725605484,1.025940396813771,438.40715389565287,7.2651197535446945,10.0
290,0.6372511247257224,0.5498046631870499,785.7663454505253,6.43261951228034,10.0
291,0.6680668493714649,0.6178677457325311,465.6735035515254,5.651399454619575,8.342279479170346
292,4.201702522968462,1.0953849143023942,541.0205290560413,6.2756521798338625,10.0
293,2.120857886350683,0.6990736310645905,398.04885636919647,7.107075318925206,10.0
294,1.0717723069334815,1.3513112723923373,605.3900355378842,7.303548057092457,10.0
295,2.8500946702466194,1.5341974537058987,440.34160775798716,5.906945484995192,10.0
296,3.9649709889437488,1.7008800486636244,403.4962892192134,5.633947224050543,10.0
297,1.4711946237357942,0.8002253663672152,558.2863142229895,7.254700906265677,10.0
298,3.303007141185501,0.7512238733886046,302.7528995802104,6.278809877957751,10.0
299,0.884063592471956,0.6568517605016004,303.83201632461265,6.583521928535126,7.557539556052529
300,0.7325677452587347,1.454645374315455,409.5344045509289,7.436131624101518,9.758422438680133
301,2.891095842056666,1.5597135897303518,318.36068125041055,5.6331294558284455,10.0
302,2.9328580472454795,0.5473792172384631,354.0128770653457,6.796636014904191,10.0
303,3.3684345567419296,1.9043183693655348,469.4303246693758,5.648210845149734,10.0
304,3.767411001751977,0.5779569254772086,701.2928397899065,6.2509378569330005,10.0
305,4.891334357581406,1.3119445029516057,586.0243216846504,7.107629090386894,10.0
306,2.823351567355379,1.5635907791763746,556.3338629782082,6.366944465511269,10.0
307,1.9533041282356067,1.8064536856191284,446.7444116040608,7.494364707805901,10.0
308,4.078337876459166,1.5711303981986418,765.8768597164083,6.618118569893205,10.0
309,1.718745130679334,1.7025921246046878,498.50752061859583,6.142324305271907,10.0
310,2.4753713931753625,1.0091752888142091,343.54638339788573,5.940222651809506,10.0
311,0.8530537160401968,1.7222376706197684,608.5332580589006,6.201041068572324,10.0
312,0.6140783453695589,0.6201722695770127,356.9191967383007,6.245066547519102,7.556752391193948
313,4.831917866050663,1.8422249840907914,472.61157140084606,5.637427355447922,10.0
314,4.261910542304927,1.3213885642306042,553.7059693589044,6.239148398853546,10.0
315,3.631883927421641,1.7259466549437406,737.1112623425879,6.42847703947845,10.0
316,2.3402882498642144,1.1784774267774503,546.7732901700593,6.945475504477609,10.0
317,1.279824440318806,1.4653665427947875,651.1293830158321,6.813458969443216,10.0
318,1.2039666920198873,1.28960399140417,796.4084194995352,6.917531310458308,10.0
319,1.626093041740679,1.5973842826329978,365.7445599489908,5.516727363753715,10.0
320,2.971519991177542,0.6224449730458843,437.3657627597597,5.9353347991610725,10.0
321,3.7156816521502805,0.5905281259858457,497.2880377988232,6.823368576799713,10.0
322,3.4708881952297905,0.8706548510152197,510.9140892694157,6.467978736359495,10.0
323,1.7597025362567429,0.7393170201697825,505.51053763277287,5.5106269513366914,10.0
324,4.796893762984373,1.8076753498883025,753.8055012782775,7.108989284863645,10.0
325,3.820536125130958,0.8288209810370665,657.0163222334282,7.045619146580675,10.0
326,2.994593236301303,1.963797883728697,603.9526070453519,6.596838325987125,10.0
327,3.2527433580545853,1.0053436876566604,454.68635893139106,5.632926651552545,10.0
328,2.3882002809250547,0.7731768735330489,711.8951921106474,7.0330300990651695,10.0
329,1.6147894527552085,1.6845477607137187,777.5302557424945,6.667427175462728,10.0
330,2.1018770539306773,1.4880616632513142,710.5991412751132,7.063919954315918,10.0
331,3.910307497089661,1.2472935746797085,300.78255259573643,7.003493984791681,10.0
332,0.5647706988339014,1.3330453264064468,618.2006850917035,7.1060041439156745,10.0
333,1.0223268822811231,1.5788026674083957,325.5676907210504,6.53601613280925,9.375433629611496
334,0.7070118890978874,0.8426821119969481,428.80361016686095,5.78064903638703,8.513380614082457
335,0.6832796104353656,1.994500874085113,329.76235017388586,6.842314946759378,9.695160094279608
336,4.349572628049533,1.9621897432201747,601.8977264746939,6.740947570103941,10.0
337,3.6664603672101066,1.4754885295204052,643.2949567463033,6.984506374398174,10.0
338,2.6337822308929635,0.7993136763937176,357.24381903295256,5.83976201210147,10.0
339,0.9402537229295067,1.5203423636469369,491.9194415224897,5.889950399800578,10.0
340,2.7122714380257458,0.6082976134687638,528.118254477771,7.280819034438657,10.0
341,2.6306229685125455,0.545978753308709,484.5265108804583,6.999955596904142,10.0
342,1.2794084145950684,0.8865243327668205,360.5125002425965,7.316456977400646,9.316452914149552
343,2.452332421570879,1.1939344351089745,509.4738950937377,7.017430642327842,10.0
344,2.2932713047881803,1.8024087581125707,675.5890239042091,6.694310611980604,10.0
345,3.271325441234974,1.590753604649462,335.50383226662774,6.808265474055747,10.0
346,3.357921428904397,1.6140597817999716,340.0900070409517,7.27825584788002,10.0
347,0.7038680439742003,1.138240001672113,477.3856459179921,6.657613509023881,9.597842553514328
348,2.1857567658191206,1.0189024888204443,770.8628558094625,6.764782648656775,10.0
349,3.3163696207140636,1.056558144476904,634.2863233614571,5.812953432007201,10.0
350,2.7641131636103946,1.9814743456040866,639.3349783362823,6.447842440232206,10.0
351,4.35420428534745,0.5601637871187237,480.9599954189325,6.932794223916198,10.0
352,3.4641213422852526,1.8005472441836727,596.8303956042691,6.041885396632731,10.0
353,1.2332049218664336,1.3680131128585902,305.0655920138717,5.90450836104907,8.863758460485919
354,0.8175593633019342,1.1579231287843856,618.0480232047711,6.127653616448831,10.0
355,3.39088675192842,1.5878864906227048,756.6434737881184,5.983001255985667,10.0
356,0.6193008974372982,1.2300034121370542,606.2867341724095,5.929825274072792,10.0
357,3.1359901157305847,1.810134857122491,736.8492967331725,6.349701685736174,10.0
358,4.731036086412309,1.8510527960168877,661.9865277330468,7.315677027767068,10.0
359,3.0896338004414554,1.1325813903101831,360.2792082018451,6.514119293477437,10.0
360,2.2467646679293485,0.9152416958525773,751.2266536429208,5.875840761630646,10.0
361,3.3947969829905893,1.3885254928900435,333.22192217788745,5.653943338761748,10.0
362,2.562138007211825,1.8685450184250365,566.983736273882,6.89231229027585,10.0
363,2.9552755519217073,0.8159932835084999,371.06856189672885,6.265597528872775,10.0
364,4.736591639494363,1.4344498753452242,305.85330536545206,7.1436618931707185,10.0
365,2.237461870103484,1.4473403301387808,511.01713006381954,6.81902153728154,10.0
366,4.825357537207614,1.5996695336229214,447.5203538270781,7.092482901082737,10.0
367,4.574077888802287,0.6973515276908897,543.0002468988015,6.0438920788368975,10.0
368,1.381060106551834,1.573737447023133,588.5999433672754,6.8847178449221165,10.0
369,0.8121258539382445,1.8635487809984614,321.8695361544737,6.028123969387438,9.172485034125001
370,0.9535010061984199,0.769524663305363,361.5016475618728,7.378136958900583,8.591088525045235
371,0.5819982154319738,0.8563149873858165,579.3211982252127,6.772748563066749,9.814909578864494
372,0.9249933234016778,1.9570926410624594,471.58367658632915,6.149023600350684,10.0
373,3.5735304803736057,0.7714654290642347,664.586743774724,6.0390237245845455,10.0
374,0.8203489180710304,1.7815776400543686,626.1458242959698,5.8818531701432875,10.0
375,1.9353903363219258,1.2384167846720522,722.8021814949534,6.889281917787455,10.0
376,4.301938899362545,0.8708466116047655,646.2464133346127,5.937431225995855,10.0
377,0.6047237108112165,1.8061248519087671,514.9655386950741,6.6906065318549786,10.0
378,4.1651081716502105,1.1679578825039982,636.4833111972162,6.0292700538507145,10.0
379,1.7683464864802998,1.2722260308945352,437.69058712770925,6.823937889587738,10.0
380,1.0317417242974531,1.0388500540996486,453.1567493891064,7.129879457081079,9.954853346267274
381,3.635317244138678,1.389426277152391,694.4925799603966,7.0560504862893065,10.0
382,3.330242810509478,0.7452858088775342,523.2097582007912,7.021702661861563,10.0
383,4.4486240608717385,1.0866223049776411,699.1901702591763,5.875444811384504,10.0
384,3.807819697117486,1.9541184835029313,711.2111868341392,5.676769893969038,10.0
385,4.115664186731818,0.8872001490516913,728.781168830642,6.897897656974771,10.0
386,1.769155576570879,1.4851049968119383,758.3176179206037,6.236694427588702,10.0
387,1.2984779470087526,0.9877850963370423,515.492610256648,6.364692452806695,10.0
388,3.8777663823838626,1.660209688529901,459.43340916056945,5.562298185586782,10.0
389,4.130756326702688,0.6963104910775247,591.0993732970569,6.019152898550098,10.0
390,4.95727313900303,1.954731567617817,485.5862117188138,5.567352807748928,10.0
391,2.356779546101419,1.1806843120754589,600.5370834001164,7.258371545202495,10.0
392,2.1740813860675243,0.8540756950196959,652.7929313219123,5.986793366437061,10.0
393,3.9938583233389857,0.610245120995019,644.2025092460684,6.614674339146016,10.0
394,2.03361593113858,0.7546368576313112,487.2764435100607,5.577958641322261,10.0
395,4.688407965216041,1.2796609228340265,383.4301008493764,6.833694782611316,10.0
396,4.362857383293553,1.0055047646469295,515.2646692311038,6.146054691508188,10.0
397,2.4304731231875825,1.7433250488239143,371.2970720409544,7.295838373915331,10.0
398,3.878919805061738,1.146331285492709,745.0485175919041,7.276236377868072,10.0
399,3.8954429333810707,0.8730714088814449,472.9387303689287,6.150581236723496,10.0
400,0.9640574097616967,1.425717479906045,377.2298736116619,7.301921791380936,9.79312092633696
401,4.56148808005805,1.5601658253281687,312.72387995287545,7.492315346997557,10.0
402,2.773635676015357,0.7505628618514248,622.9111931432421,7.150831328247897,10.0
403,4.219058597484837,0.7514288244324765,618.4511587273716,7.189742695510458,10.0
404,1.940223204637753,0.5550071404003145,470.30208329064584,5.99801747221818,10.0
405,4.529854528232902,1.6046030225984609,335.8559444238255,6.653404797715512,10.0
406,2.251407554303734,1.4957067914327076,504.814447447616,5.634511827934736,10.0
407,0.5487694316613426,1.2119463136247208,455.6087475316968,5.689835873643339,8.826065769960115
408,4.574218893886687,1.7662556734537957,638.5603198675046,7.497785224066581,10.0
409,0.910790045537601,1.7085052294250798,602.8896247263451,6.153278498851822,10.0
410,1.936911369156867,1.3780315465951283,482.29686409877,6.9963678240976925,10.0
411,4.775278851728622,1.8024069207698878,408.946277127495,7.113330106053633,10.0
412,4.777732161219003,0.8087618150551523,794.0179830777959,7.216046542014459,10.0
413,3.0804704965547876,0.6678794290965918,527.0008105980575,7.495256594804313,10.0
414,3.3432674547640966,0.9046244172754845,644.1371178901186,5.9829929705137355,10.0
415,2.518004848902439,0.5856302841339722,370.27648378918036,5.5807016537194,10.0
416,1.8194484726412905,1.296754292001548,542.7948498296989,6.322383035989172,10.0
417,1.978990454164622,1.9049085384424422,313.76835993473276,5.760161339657894,10.0
418,3.526333052346673,0.5590153110027645,552.7275589552249,5.5448517783241105,10.0
419,3.88568538246956,0.6831648710150402,782.0087035588512,6.220853654282973,10.0
420,4.062105696766318,1.1782985424251529,492.1033564929001,7.067476502150473,10.0
421,4.0532816425754925,1.9008125262918574,319.4980062874558,6.632361382450142,10.0
422,0.9104274637191067,0.9742341574651258,315.47789545967174,6.125555978420708,8.019909734747012
423,2.7248913711616165,1.2608522130325888,493.99337997343474,6.80868401098544,10.0
424,0.7590144200748993,0.5623592885755881,380.01246823159704,5.964036360617621,7.7287321695284845
425,2.97287997045681,0.7225148014431333,311.67604816409295,5.5287628921441705,10.0
426,2.4868872561801965,1.9799451844382703,678.1068069750884,7.028706772872855,10.0
427,4.494668822412349,1.9476780446540682,529.2615044409454,6.747486169728019,10.0
428,2.079117556484354,0.5074099714016145,444.62238598632723,7.02460524900192,10.0
429,1.0268015739242264,1.9277176781348584,750.0415915082403,5.577876033375331,10.0
430,1.1434625692377614,1.4586799067232505,358.0694801002628,7.174239255661305,9.987546695450723
431,3.926797842728625,1.8018774417800332,777.9594144776596,6.739052400072607,10.0
432,3.281981284923175,1.1821097834507888,456.9833586886764,6.62679070142528,10.0
433,0.9550520425525562,1.2733940428688753,744.2018361543406,6.749228096229063,10.0
434,0.8784806275174885,1.2332698703853802,601.4714382397308,7.228866493736728,10.0
435,3.65436109156604,1.5002963863191565,713.3536798707437,6.673873013117814,10.0
436,0.8274335286388709,0.7094768821344694,792.0065816052322,6.661900759776358,10.0
437,4.198370266806603,0.544960384809017,444.20271890937283,7.481358314131532,10.0
438,3.6780900222042328,0.9618949123867864,780.5677427037965,7.013460334137136,10.0
439,0.8660695128885489,1.55702114410497,494.7409474512102,6.384587610902271,10.0
440,0.8817697133833636,0.8027801781844226,492.7559523684612,6.914794000065855,9.739121266324538
441,4.93987810325529,1.510148649987376,470.1935521272528,6.2784609433835765,10.0
442,2.1842185809025416,1.9548680691609057,570.7038036737927,5.957750924966998,10.0
443,2.1678896618010093,0.6408510736841275,377.07252158924354,6.693703753775519,10.0
444,4.157598052658761,1.5089031773376895,576.8557426790055,7.3563641962279025,10.0
445,4.762618598227364,1.1656253289568568,570.852406205002,7.358279040030926,10.0
446,4.937004787202919,1.802213381566258,680.950906302435,6.183810556210981,10.0
447,3.8902018336652375,0.7657246841710789,716.8249809687927,6.5553549324433895,10.0
448,2.193168134889121,1.5389389283392467,520.220675156212,5.923271797139723,10.0
449,0.8757532251440094,1.7571729344721654,451.1666246757469,7.4912622189977665,10.0
450,3.9971611216734657,1.9169213292110348,429.66744865854724,7.4622358157358715,10.0
451,3.0128191238111226,1.5248720424344686,397.31191835243595,6.799017859414895,10.0
452,2.408999041611393,1.245762146012641,328.82379109951245,7.108828119354946,10.0
453,4.578594732926312,1.4267708603018208,471.2239894173567,6.9302003225674,10.0
454,1.000388670377681,1.8033574767180773,435.1238460653916,6.686316438078936,10.0
455,2.716812969308866,1.3559146199582446,783.2086929332037,5.606695993977795,10.0
456,0.5510914014533859,0.5455805895452552,578.8544131250219,6.409528685105322,9.012936250469451
457,2.608972888973568,1.8964230432604667,473.63851951525373,6.849572604334821,10.0
458,0.7533647405682681,1.5342901265473416,590.2338004968481,6.855063227767369,10.0
459,1.0346806232063237,1.5147700786658698,369.59835067284774,6.246245236844767,9.653863345055374
460,1.028868110496972,0.8235127285965758,522.0218746011014,7.383383973316061,10.0
461,3.421446359522286,1.488328205348986,613.1171607105318,5.8347140644735624,10.0
462,3.857201956694405,1.0907966084812377,544.4489158962257,6.500718892431121,10.0
463,3.1251594429372185,1.4768494655622382,500.8894003271621,6.881767953101646,10.0
464,4.829776468135439,0.6598895454619861,796.9241944498491,6.894271611783618,10.0
465,2.1869176078566683,1.486767956904554,740.1573810744635,6.797277913537631,10.0
466,1.7857043882683734,1.999120588656,611.7029790797201,6.050576426903721,10.0
467,4.408696076852571,0.572318058290834,584.6886805911414,5.812413137373244,10.0
468,1.5061812733375368,1.965761276331976,610.330239912292,6.7718806536534215,10.0
469,4.834501427482751,1.110361941084306,400.65605391121665,6.698604232278876,10.0
470,0.5546951361041735,1.8061301755058887,497.5688716321593,5.858712020578482,10.0
471,4.8644547201843755,1.6735782260874101,319.7297664454497,6.910278291141127,10.0
472,0.6942196037775925,1.3505243914800018,537.7730187434133,6.410343983467313,10.0
473,4.51014401164132,1.6076738138769897,571.5122919788316,6.835521183206306,10.0
474,2.874654990888349,1.817773341952022,413.8748680516048,7.174734159540302,10.0
475,4.968341582536851,1.1062104824765495,782.0144235827569,5.839456857153847,10.0
476,0.8320845413092949,0.990549742344858,754.727305468621,5.538289735993674,10.0
477,2.9923442798059434,1.501390078345377,661.0716177279529,7.058205172791574,10.0
478,4.861861410285945,1.7117689129118878,566.6933143826814,6.719394850305232,10.0
479,2.8539402987656697,1.6434277021649235,734.9845798238425,6.899279139244244,10.0
480,3.332293871608681,1.6967204732879517,365.3261719117314,7.176309949977285,10.0
481,3.630869100430777,1.1533749722193996,695.2548971374424,7.105621869649001,10.0
482,2.5454347914549795,1.7267513242625325,362.41040698342414,7.421840293857649,10.0
483,3.3240113603782855,0.6803135830559126,697.1053312747027,6.571870157704236,10.0
484,3.129414403653951,1.3167336469412743,437.8837841256785,6.4769912653198105,10.0
485,4.5552110472094505,0.5086379907471823,738.5452905090945,6.30377439978146,10.0
486,0.7045087115365605,0.9868787448504055,772.0210469126989,5.807382085688409,10.0
487,1.7643343531650364,1.0496923023070968,374.39798470255784,6.645214465764045,10.0
488,4.7768516783445145,1.0942590374138832,531.3378025326967,6.054025048651957,10.0
489,4.506187027509124,1.5432008100347931,790.4936890813426,7.342615024425951,10.0
490,2.5504553875357083,1.0828371519055187,541.7037179865733,6.666381608554195,10.0
491,3.2905966901069155,1.1730404339337959,731.7737612572726,6.68568036101622,10.0
492,1.748215323415097,0.8563161963114911,594.3657610656599,6.20984932175402,10.0
493,1.3465452187569258,1.0598776874440101,487.6649539598009,5.6039787039554145,10.0
494,2.5866428222299196,0.8409044408947273,442.89177776293513,5.563487530745977,10.0
495,2.0900850261172375,0.6097938856526655,401.61154554304363,6.346670288306395,10.0
496,3.1264525033289243,1.4051728900720668,680.8990956888485,5.669130756194476,10.0
497,0.8498058663424317,1.5023191978325243,493.270253411514,6.713693911080278,10.0
498,4.884776634497749,1.4292355190144217,555.6377311003756,7.261946011279315,10.0
499,4.937948350158213,1.1952410657008585,546.1627400005909,7.265829633037445,10.0
500,3.6417277130888532,1.0696786702688448,588.6395146165656,6.818090820264465,10.0
501,2.9124336485485416,1.795000474357738,732.7885728122761,5.922463662945862,10.0
502,1.892874273288475,1.278622677704327,790.3696717917147,7.225993662717745,10.0
503,4.162077588681269,1.2187728164445963,503.7921042869085,7.272186870626417,10.0
504,3.5812902764924566,0.5384630987096535,713.7594610531515,5.893307169905917,10.0
505,1.231776227052011,1.0118717414392346,682.2638973273588,6.974852171541355,10.0
506,4.5991723302222915,1.0702934281787857,586.7644757277867,6.073039097854246,10.0
507,4.201417593154261,1.0982341713453507,778.0235718059665,7.105280624705859,10.0
508,4.774099609813658,1.3702585538409984,400.2372577642014,7.494475799807205,10.0
509,3.7657377877476197,1.3004038200903176,354.6321051548107,5.560052010658786,10.0
510,3.2603683817110545,1.411857639190167,726.9809834777111,7.294731731581864,10.0
511,2.382093663307785,1.6473248923131925,519.5749083168741,6.745261067197316,10.0
512,4.69727817509306,1.7194786080741402,723.4844271035302,7.446765238329642,10.0
513,4.397287502751837,1.5771846143397417,746.5451025977075,6.430019035052855,10.0
514,0.7034840154778523,1.933285543932402,331.2287968095357,7.194775861142747,9.730625760073456
515,0.6186513852376341,0.5273488740145424,741.7323814930303,5.624788137196554,9.786114040466677
516,2.1940851509512234,0.7936669785253192,524.1595276847111,6.170558100156591,10.0
517,4.147489988518248,0.5113443124672132,555.2162445021161,5.63403307550242,10.0
518,4.94274258191725,1.4712120712319046,613.2962555466052,7.450686266958141,10.0
519,1.1768760099658768,1.8470458234249802,763.1913033650434,7.133947814543673,10.0
520,3.173588219084608,0.8652234448644489,309.55804721488204,7.205094842491941,10.0
521,2.214008854839597,1.89055181719446,538.4217341589085,7.375930462867789,10.0
522,4.864614790165715,0.5904010854343413,643.8610212152803,5.670206972239571,10.0
523,4.289535154110689,1.9016540402082716,661.3534788491143,6.2711951850266665,10.0
524,4.27247917120012,1.0274340308594516,646.266215768554,5.642069778088004,10.0
525,2.609119219077366,0.6521312426738248,367.2175647040609,5.921586203100057,10.0
526,2.3666877605194934,1.2288076387794884,449.6977941858406,5.958731554075345,10.0
527,1.7303318236881782,0.885164851580762,479.3577627085067,6.438214422095157,10.0
528,0.753689734929172,0.9273093529428842,702.2186038397525,6.037124334907285,10.0
529,4.3912506931477395,0.9609349473894299,439.3799362072765,5.701956213635523,10.0
530,4.158054541085349,1.7045388467489953,405.35248193360155,5.834982178188215,10.0
531,4.998729529787588,1.3087419150128818,778.7240095190481,5.794551127104182,10.0
532,4.984865766832574,0.9669615487340055,304.43164255673446,7.446153595824597,10.0
533,2.9994426752118235,1.4155006749663777,798.9104278409891,7.018585013836947,10.0
534,3.9604433683122973,1.5742260113347903,638.4106494286978,7.435522930539124,10.0
535,4.751445784470926,0.9089360011003007,714.2346497245585,6.379480973015817,10.0
536,4.323413258048351,1.1203236522880273,447.3096981730966,6.056736963325314,10.0
537,1.6130664578443894,0.6828291400054214,307.15763883353,7.096586394418374,8.85033011362777
538,2.527448608895421,0.7717240243020205,668.9347592807651,6.152507836082293,10.0
539,1.0812173681817274,1.5216767809474743,717.0722985003379,6.098766747410696,10.0
540,4.793229622664251,0.7721575215434404,670.2380659767596,5.965011984415662,10.0
541,3.2277858550289604,1.2877450755005904,371.4251436504193,5.75935795644847,10.0
542,1.5288926247655823,1.563569392583649,676.7139611284845,6.012926122033532,10.0
543,3.5226530798263553,0.6603153846421157,684.4613910538205,6.210639496947776,10.0
544,3.2815770820605312,1.3509683294433552,629.2702578350275,6.847988416291461,10.0
545,2.111732231147782,0.8848441755520456,683.057966397793,5.625129684438903,10.0
546,1.0110091648983306,1.9443903128563698,722.960719838866,5.921013879330686,10.0
547,3.522079380167598,1.2253184700798871,606.8020571187292,7.118047280583353,10.0
548,2.84138465406707,1.7089888246627372,344.30235698483955,5.793843847167541,10.0
549,3.975432762810377,1.3253398132343928,543.8139048336054,6.185290293045043,10.0
550,2.84073575500397,0.5651187992822287,338.82466733580253,7.22931784371628,10.0
551,4.334816751433431,1.4497270633910335,503.77151551621546,5.809850622286885,10.0
552,2.9835807744851848,1.9271050133099856,503.5532445628138,5.66547367123638,10.0
553,3.0242208719092383,1.4024177302194967,333.0049220701208,6.469075990160022,10.0
554,4.444941211962552,1.7287832891401853,474.4102669847397,6.104839022557073,10.0
555,2.315672897955787,1.8263096950226116,355.49904939565744,6.626816728967708,10.0
556,1.1030685280278834,0.8421196579233987,704.117605004611,7.10760978096695,10.0
557,0.6295220434100254,0.81806725986234,773.8440129822354,5.774296976305486,10.0
558,3.8981176505312853,1.4164714832764875,336.1582376289693,6.66139816910857,10.0
559,3.291392981090591,1.1165427047100571,777.5576036458507,6.511017520779728,10.0
560,3.668358956446506,1.7597919543000806,561.2882996683726,5.7881575720264,10.0
561,1.4583387267900982,1.8500346850970169,449.78283897693694,6.747996971057965,10.0
562,1.1136716401404638,1.0301320689540772,338.43103763808176,6.047280835721543,8.707264981921464
563,0.5654509955054687,0.8553058384617231,550.3121340352089,6.475668637088025,9.400326425276374
564,2.077644014629686,1.6707882728657928,697.2577722453743,5.6645446485541235,10.0
565,3.154629590845849,0.9122090533222041,653.5432386333491,6.419168114427246,10.0
566,2.2650982029487956,1.7339214777705176,325.1130057319869,6.112926936085641,10.0
567,2.468637149106781,1.1356073804731444,336.45091768395173,7.144762422370709,10.0
568,4.5687141252218675,1.5013248489372057,501.4366413163185,5.613957453994736,10.0
569,2.067149601604852,0.6433029707520023,447.64524702397165,6.33721454983666,10.0
570,2.8129527012191486,1.4357889870148595,416.1921615280239,6.416862848262876,10.0
571,4.026438557335144,1.1776515181058436,440.5022494543568,6.950012152598237,10.0
572,2.2844425204457157,1.3799126947632112,701.7413716484423,6.648575150180422,10.0
573,3.2993901510254307,0.7520213116172951,764.614026815927,6.834424674388362,10.0
574,4.380636689360353,1.6053106174162732,502.5513472637832,7.054098571303513,10.0
575,4.77284280645939,1.794195616314843,753.0555010662486,7.224405947316377,10.0
576,1.1618306641806706,0.8251097001361635,460.74785062394096,6.127750993444941,9.548478865713655
577,4.6696443132267245,0.6435718332802426,538.2184931718958,6.576045410727806,10.0
578,2.714523318857922,0.5354578790695046,413.01449890799984,7.1802161568784,10.0
579,1.6620997473453125,1.462957250664899,620.238021087922,7.478902261930113,10.0
580,2.566110903072176,1.410641054133171,789.4905575874045,7.279038622087526,10.0
581,4.910146588784647,1.320046119071105,601.7465480216893,6.242934525248754,10.0
582,2.7167814229679133,0.8479206441739631,478.90704205677446,5.890333034437301,10.0
583,1.979382246293787,1.086358993858272,623.9087229952643,6.478785074813177,10.0
584,3.350303844425266,1.3917145027792595,361.4603392326938,6.983282903672085,10.0
585,1.5806552845018689,1.245150288288754,744.3295401326993,6.485138141506595,10.0
586,0.8413849764889876,1.981678280322331,551.5419753899182,6.466361726627337,10.0
587,1.0799587485979214,0.7046596288350997,524.674871019821,7.176460842163602,10.0
588,1.076206275309976,1.5427168310713908,592.9323942267596,6.222807558134373,10.0
589,1.1835621208053246,1.1064781521564382,612.3919313947013,7.219589349623291,10.0
590,1.1247222769223457,1.1422994223884222,335.8879031132565,6.3136096019034476,8.937766913496539
591,3.383936351614466,1.5763966484872642,641.3086106117012,6.156466211356679,10.0
592,1.3184603797961518,1.5386542269865544,420.9658401577648,6.407979822399398,10.0
593,2.055502774957384,1.9868839905532825,656.976316253295,7.024893917349737,10.0
594,4.535547844577053,0.6925914341811878,711.2673971920983,5.752004055727989,10.0
595,2.6328273811829255,0.6561644740762496,701.9792537762601,5.8928384317440345,10.0
596,3.504009823344622,1.5865082256931118,576.2504837039446,7.402889651326184,10.0
597,1.2754394204073343,1.3675803755096136,560.0849461553755,5.850983254762715,10.0
598,1.3653005846390185,0.9112409998397089,371.4379806697059,6.635454635862109,9.377090079745814
599,0.6839087731991549,0.6191290534834799,687.6730752015678,6.658628933323875,10.0
600,1.2602077838247405,0.6284873743946457,435.70469022335715,6.47924892410049,9.450938197492642
601,1.7536565256438137,1.8412863119961775,548.3477114089733,6.789490497153637,10.0
602,1.2965471792453607,0.7878009870781144,442.13704646375834,5.959653451595237,9.505539890750935
603,0.8991614019067502,0.9850573431732812,366.91418149984656,6.605324535553496,8.648114701055572
604,1.0428614199527035,0.8399846033404821,614.7788484458683,6.244346510493794,10.0
605,2.573504456147266,1.032494458747906,327.1660174114519,6.823334519258378,10.0
606,1.4285017328260663,0.60413576411914,674.3226170631,5.7824470867462985,10.0
607,2.1392143747163397,1.2785896863624056,458.79339763055833,6.641754833678952,10.0
608,2.765377718846856,0.6014188453883224,300.0673465022427,5.870540710766647,9.875834814040076
609,3.606776728832144,1.7005347617335422,555.5645696186149,6.057286126230073,10.0
610,0.6769046292849452,0.8505681228656495,323.42595426380154,5.937419600647166,7.516640770411165
611,4.097346795090692,1.3100178719067659,438.0847789104497,5.865675559737634,10.0
612,3.3255517527090848,1.8201186313421873,653.4882437278582,7.151421903121334,10.0
613,0.8679156437699236,1.4763160535707913,331.3448108109329,6.0714151353217805,8.906748774706722
614,4.431103808480497,1.299436679827003,719.6692461780012,7.354247563728899,10.0
615,4.643925802393159,0.9865006296730634,301.90996132929155,7.439853050690382,10.0
616,0.7748508193468868,0.999502869587297,423.4119346009511,6.642520939874195,9.117446571826031
617,1.7459494166624168,1.5042304327972853,670.4520280760357,5.786002245331453,10.0
618,4.127905759068776,1.9912090418317514,458.1350748646534,6.2490964867591625,10.0
619,3.867168606726463,1.492758784774068,350.94619403300675,7.0954645266964285,10.0
620,1.3303445871036979,1.3366751260550374,480.11695940021394,6.234781457394141,10.0
621,1.4420719550151964,1.595975765358869,435.19664319226274,5.674034436605577,10.0
622,2.167124462561219,1.1978084184255773,721.3559510802775,6.613569821856376,10.0
623,2.680353433359596,0.5902135139011778,456.67395879257157,7.190241702992069,10.0
624,3.282146471886332,1.3434452238168646,694.4662358880037,7.091852774287005,10.0
625,2.160111378063976,1.9364379267580702,745.9360724053674,5.8502462802607065,10.0
626,2.5814062225991656,0.7629544135364894,516.9087097882648,6.845529228824933,10.0
627,3.8636192216019043,1.5350073362309986,754.971571927196,5.941008526871294,10.0
628,0.6650744130076905,0.8014005329885847,488.6590269815964,5.936415069104345,8.840365102431363
629,1.6359662495480933,1.303741526709622,782.0392082450542,7.24814354661037,10.0
630,3.710073136480486,0.6450146744700794,344.64476226278646,5.99933790548046,10.0
631,4.528430769592397,1.1755564043872777,643.5096332516214,6.026494693036023,10.0
632,2.8025484895204977,1.634244993342869,546.9070202284644,5.501306781522599,10.0
633,2.8945106836939205,1.021357286358473,493.82440272782355,7.241338068251036,10.0
634,0.9822740510289922,1.4973675867308271,616.3559393743005,7.08518962641827,10.0
635,2.513355650705546,1.6931749411845938,651.9285458171655,6.754657870181356,10.0
636,2.8967776990476044,1.890766729219179,302.18163482515456,7.000531527877684,10.0
637,1.5911172663562834,0.8519631227831803,383.4765443735994,5.804097134848984,9.530421688545974
638,1.7115945392722143,1.0989738737139623,656.5230253171594,6.416647189175151,10.0
639,2.197778733970802,0.7286240199956262,633.1927067891032,6.202438774697562,10.0
640,0.5903203899997687,1.9887252532375628,783.0237525643386,5.687553052514033,10.0
641,1.9493562451243023,1.890501451886443,680.5188951253915,6.472260970429848,10.0
642,1.4515160314844509,1.3099356954208394,775.386353865669,7.341479300685271,10.0
643,1.9737380848006159,1.763049941564632,651.2702507674035,5.580118238101389,10.0
644,1.0389295931866305,1.2814369659080633,449.0261043197216,6.0829218269875875,9.952867459394914
645,4.507372763329528,1.4353785320041395,352.68246112542823,5.915081872411407,10.0
646,3.171166040993219,0.6336866481740249,690.9119316724677,5.976293307331392,10.0
647,3.5559604361502033,1.632905630745212,622.074610737958,7.3168691037587505,10.0
648,4.051270573733023,0.6915702254528522,324.0930061966481,6.4361381084685805,10.0
649,2.7429898951807576,1.7391014453787925,480.02523295048917,6.432598825879637,10.0
650,0.8911412963934067,1.6730421315055788,778.3999077421431,7.021151284910564,10.0
651,2.916979438183465,1.5631170466144646,550.2005728551006,5.808984408009851,10.0
652,3.140785031093956,0.5542405707871432,516.3645680098523,6.474530708200102,10.0
653,3.854477633829485,0.9546925339179929,528.849802579647,6.35997042824212,10.0
654,2.442467958033557,0.8946688548662642,404.44136200258185,6.693821381093312,10.0
655,1.074111362580037,1.0402046112072787,484.3535854323976,7.499115406500877,10.0
656,1.77699157609426,0.6314641201457578,484.9066279935883,7.038897788164094,10.0
657,2.133870333793858,1.9054367345465941,326.1775100937362,6.295731406034855,10.0
658,3.4066275859922053,1.3307033610685643,683.7838142589592,7.155106104548094,10.0
659,3.0685023710101036,0.9582864659870354,508.2522159519395,5.84141672662496,10.0
660,2.102435266540308,1.0954722756114252,711.0899434082116,5.56092737261792,10.0
661,4.939318619568408,1.1708038107572536,725.1740005599477,5.908896744928546,10.0
662,3.2259866871059923,1.4008915000409259,405.997027349329,6.180823112228519,10.0
663,1.5675205628119753,1.2735191415447467,628.6767410850644,6.52116151491912,10.0
664,0.9580211267918168,1.879087959821626,536.1409020814908,6.730258281082399,10.0
665,1.187866126329494,1.2454452243587455,740.0783689607425,7.321211434428843,10.0
666,1.6068097777302865,1.988237022234969,407.87033958822707,6.519708019100915,10.0
667,1.2230661796680005,1.7771374366176436,638.906600155022,6.502551289251459,10.0
668,1.339551608230876,0.8127657715360037,603.8760611263613,5.600486019645964,10.0
669,1.782928259122312,1.8958928219658744,447.65073878591636,5.569823105312448,10.0
670,1.2801811788263966,0.6745495968282141,368.3004518255863,6.602319923832744,8.875948711625037
671,4.535444410818913,1.7261745627367873,625.8198802386382,6.376357226496689,10.0
672,0.8610518554773899,1.0709349402148702,669.2987290661654,7.178360789960597,10.0
673,2.860301253066146,1.8169614806676042,457.81367188167496,5.82135916942369,10.0
674,2.346785721453477,1.8020850351611755,622.4163020111569,5.549943324234099,10.0
675,4.920703776088729,1.7088881001764318,497.56545380575164,6.398077535860252,10.0
676,1.0041750597562356,1.685045654460592,656.6034416413088,5.974957113504515,10.0
677,2.2903501957058374,0.9570187086470612,399.60763744702655,5.5992287466776745,10.0
678,4.86261694973916,0.6213789245768783,745.1075013180872,6.949196573695258,10.0
679,4.394782066522911,1.1044702681477423,443.70479823278987,5.723185999914495,10.0
680,4.176824319271759,0.7602867724797631,483.8929938780765,6.716639000015544,10.0
681,1.6605627217022292,1.5424266333536925,329.0459760401749,6.062099500333778,10.0
682,1.2689941432552962,1.0191495898066782,355.7561061606382,5.846992100710044,8.907911408728962
683,3.5088944896599394,1.9634153012898723,557.9309513561641,6.259503045838635,10.0
684,4.682191951074136,1.461458116017998,433.79633836398574,7.102891552445907,10.0
685,3.005433018562684,1.7337208454515414,717.7401128710972,6.284187153809145,10.0
686,3.0722571026145493,0.6987870091127726,307.34669432747694,7.001539298422111,10.0
687,1.7599059214712787,1.7930217234089338,489.5470243359681,5.750972593598301,10.0
688,3.962718199363716,1.8841357857700916,468.6727733845463,7.0455428393301585,10.0
689,1.3416968685088553,1.230592878228404,309.6638154588005,5.9738666498132975,8.923686373524509
690,1.9565565638190965,1.4093794066264662,362.1841995002551,6.854786259777746,10.0
691,2.4144639737738753,1.647214701354493,506.82133745931765,6.631563109681993,10.0
692,2.7842467040800476,0.7622579408906188,546.4322922237234,7.358289434423375,10.0
693,1.590843795867861,1.2538491146951636,502.14487362743455,6.274645035950628,10.0
694,1.016765711326416,1.0979945416584695,565.4688392060469,5.632330377668881,10.0
695,3.2477901909873466,0.7195609882433737,597.5658374528407,5.538310971102506,10.0
696,1.798837489581151,1.051301633437297,304.9619105639178,7.1537171219455065,9.651812120692826
697,3.1155719964017554,0.6022584640782404,532.0475797267519,6.5494712753228645,10.0
698,1.1946322187339105,0.5387178604242304,781.7496204437941,7.050488103669899,10.0
699,2.665130458346679,0.7027494337322342,559.5161400647744,5.968851200023029,10.0
700,2.896652446482136,1.9446726673837609,638.7711337294766,6.190167491026467,10.0
701,0.7332059157009211,1.3242943038425254,455.93192895844163,5.560207744422637,9.254896956462638
702,2.0147192518726427,1.94873324172983,686.9956890763813,7.4229846491482245,10.0
703,1.104866046225384,1.148746817495198,686.4607409380576,6.835735813401627,10.0
704,0.7851873671274548,0.9677241996278894,560.6480238270694,7.366410175518612,10.0
705,4.954821045754754,1.2592127942603661,788.0069116396069,6.030992814858145,10.0
706,1.9505923023862533,1.1592675329493651,362.7751073813267,6.722927222451322,10.0
707,4.144435006345857,0.6584970263926159,308.4738324447905,6.856999936585275,10.0
708,1.6458829464369373,1.4612394720353095,685.079105878548,6.135099400515177,10.0
709,3.566762250007682,0.8240572737643994,703.5777686824413,7.19621847003126,10.0
710,3.9210253695035897,1.4293819323467445,360.1036145602881,7.394322925800496,10.0
711,3.1803743327352993,1.4753016385972302,432.79141647930305,7.269710235392009,10.0
712,2.6220928484757127,0.7280372796929722,308.77618168331446,6.978133951878745,10.0
713,2.3532841136627085,0.5920244406660022,446.6543053902824,6.054929359449908,10.0
714,2.069907199443479,1.6711423791026596,686.5709369593358,6.063232084211263,10.0
715,4.682881149115216,1.1897006356539803,558.9802638562894,7.426720640892076,10.0
716,4.237787335044781,0.5872456932582137,474.04779658414407,5.520568991871384,10.0
717,4.842621097999307,1.9922994757546508,485.86964745316516,6.932099946484289,10.0
718,1.0593375056849512,0.58667084149455,300.6768128577341,6.912492325110525,7.7521507483143495
719,3.788903638416399,1.5425528432878297,449.9002637826179,6.7453790818995945,10.0
720,4.72253205569467,1.9755183878951204,623.2293708189652,7.480217692173731,10.0
721,1.3155487977454707,0.8587701563238884,787.0972219081785,6.123758871527451,10.0
722,0.7992332031504987,0.7133740530307943,723.5304134919497,6.179943727586497,10.0
723,3.8350429218052655,0.6820774091336433,311.79748232276455,5.657878805893111,10.0
724,3.0851290093096035,0.9549127213513933,749.2803023374197,6.385596273087475,10.0
725,4.288229495412224,0.65156871651597,691.5992066493129,6.022097052469697,10.0
726,1.1289756948183027,1.5382420125411977,690.1880617854902,6.186773404355288,10.0
727,4.078702903369505,0.5934376971950941,528.9978795017857,7.169143580511255,10.0
728,1.4073229402148504,1.2641331922246846,499.0026464772514,7.370969027054992,10.0
729,1.2364517428956703,1.9950452807794652,451.4578644165963,5.8714661440103715,10.0
730,1.2391960906894681,1.7209554042590283,332.8474294771829,6.2450178631069315,9.808855303733035
731,4.16558624104122,1.4228291573465164,414.11768174684954,7.357261124230789,10.0
732,3.4933874931329005,0.9593804311799174,423.3018174890123,5.623616921378446,10.0
733,2.853794411461037,1.4358437544374576,542.0385348551008,5.684721056222757,10.0
734,2.114737178555761,1.2905621958674773,673.722203298347,5.825581978412458,10.0
735,4.447402433658987,1.1391250758355573,536.9049141989733,6.6904256682537495,10.0
736,2.2660029834018593,0.6960655651102992,328.9222247235803,5.800944542011995,9.637186335649536
737,4.174697477622097,1.8299063228607002,778.8949004941019,7.436152762901467,10.0
738,2.476107088565983,1.1746769732319837,771.3621595470561,6.393429054517041,10.0
739,2.1962499324120843,0.7919337677311475,692.5947715742042,6.5030359207003325,10.0
740,2.582059035513229,1.0516390263159345,795.6639507821103,5.993317231610813,10.0
741,1.8562004337386393,1.1211946287933905,572.2411664001315,6.441920504869467,10.0
742,3.86424221079313,1.7413068433503114,781.384175126603,6.823827265274023,10.0
743,2.7622417554161562,1.600421570842103,337.8025203083754,7.002354273908086,10.0
744,1.5449571281606778,1.6539573404620098,482.84037413068563,7.007736165419826,10.0
745,4.548085579735558,0.5165468966429708,412.6906340033829,6.655782225388177,10.0
746,2.2275104961794514,1.1242309972696423,397.916542067135,7.308719549987714,10.0
747,2.945987875012949,1.2220162274529853,370.40147444633806,7.134815694612219,10.0
748,4.579124499340462,0.528788415234585,611.2068207829983,7.014096229397251,10.0
749,3.3090709816129644,0.8897198131175513,690.6609278736526,5.611211043360921,10.0
750,1.0260411831876384,1.6404347346832024,589.1491997101803,5.513755924439298,10.0
751,4.729244556260638,0.7056645585934986,373.48135479410485,5.924894554390946,10.0
752,3.3246862388213803,1.3029651971788874,705.5618849667355,6.827047187826905,10.0
753,2.0070752659568876,0.8228028080258563,617.9773535818642,6.322394977765091,10.0
754,1.1267243269852427,0.5181811619658399,494.08285306349774,6.304812518598624,9.51223769489941
755,4.073113351716332,0.8618021863993122,637.0651477680315,7.269173776459228,10.0
756,3.2903274016783106,1.9638106323650808,429.9524896214164,7.291125696263677,10.0
757,2.900574913893447,1.7023056678244843,472.59610424710525,7.318350528107171,10.0
758,4.5225166237293095,1.9393649664815502,758.7429215659952,6.127756153030054,10.0
759,4.048687450510388,1.2317810658895436,445.2522528357102,6.882111625478523,10.0
760,1.1825369587973804,0.6646042980162552,534.9941340789683,6.0432663625487395,10.0
761,1.902749305079967,1.3219392334605393,745.0705686980073,5.881219666148899,10.0
762,1.618201129165096,1.1815660018399412,653.8606751337637,5.869264914694739,10.0
763,3.847758316577046,1.7665356241094239,331.1016130823514,6.184215241727188,10.0
764,0.6508959563110073,0.6471238711763669,373.65152213948517,6.359915239559643,7.829862416364494
765,3.0645035819209245,1.2323617055326672,303.9207953859584,7.1618983421101365,10.0
766,3.9310640858331074,0.7250729970409764,615.4608951145817,5.739782186945424,10.0
767,4.445445365427872,0.98701389033509,523.8367127052092,6.969851694789789,10.0
768,2.0393678692215835,1.6060356160816995,367.1374254511378,6.5629098283786105,10.0
769,4.195657871024058,1.2140271940531497,778.9670605283852,6.075890685351985,10.0
770,0.9978428162984325,1.063832427718654,564.82986197281,6.485639169065649,10.0
771,4.309035312805332,1.0917144178550529,420.9466470564446,6.099884139554045,10.0
772,1.073698980493921,1.18917015260898,550.3017855773537,6.692163910476612,10.0
773,2.2877928075216527,1.6775248157555853,639.8101663675538,6.367687845710488,10.0
774,4.087829146007991,1.8381270334103517,338.1196089867822,5.828811058157758,10.0
775,1.174628423069482,1.9330020297558925,437.351907523946,5.733166149111393,10.0
776,1.5316312785468866,1.6803550793829427,703.4827454419968,6.59339136414426,10.0
777,3.750136557768798,0.9731103436220191,529.8324352013306,7.304826066572207,10.0
778,3.7401644144573347,1.5322020591298133,573.2885710161474,6.187915373115371,10.0
779,3.385164347983838,1.1564046860830879,516.4080011047347,6.966000214445247,10.0
780,3.62276800010195,0.8820059330690768,321.9499713215026,6.817322709879534,10.0
781,2.942259995064183,1.7613073691388839,382.87488991007797,7.363109828618962,10.0
782,1.6330957650812874,0.5576395234434874,522.7708193709454,7.141962034598282,10.0
783,2.0556319707676374,1.8526429882031352,404.5927327039639,6.633210517810926,10.0
784,1.3171897256064156,1.1922161969371012,324.9895143298394,6.814060996468214,9.388300703053664
785,4.588027526001327,1.4558022152124206,721.8248320259119,7.29677293316807,10.0
786,3.125263076447542,1.489030883308674,790.596264582058,6.299037569173869,10.0
787,2.3038313754363795,1.8426766110598045,696.5714369983698,6.153589411715554,10.0
788,2.5790261163985972,1.4550045232508109,726.8924608523334,5.521622167270393,10.0
789,4.762775028253169,1.4209003771400925,420.9885651585227,7.153102148382929,10.0
790,1.190081314022361,0.599978060841035,780.3134877565999,7.101961400806729,10.0
791,3.1380342440755875,1.2776120329178062,398.4628522267142,5.7089090362003025,10.0
792,2.7764990549800967,0.7252535012255625,775.7149051809162,6.6537147622654,10.0
793,3.2515440594559153,1.6061506530822283,797.4096469829756,6.427963396333775,10.0
794,0.5814958271937822,1.2683328812190118,655.8614028730244,5.737418191018223,10.0
795,4.424557590248682,1.52034166881253,790.571865895911,7.461136454121447,10.0
796,4.694532271176255,0.5625093509035763,584.7698897835519,5.929391774926711,10.0
797,3.0430993261514403,0.6271880240687049,429.7708915880452,5.634468360181122,10.0
798,3.634928707446015,1.5744850820940233,518.4979428328104,6.689694759003819,10.0
799,4.651247215297831,0.60812650399801,596.7804676893929,6.977733354266065,10.0
800,3.6825738544102937,0.6068850916478878,336.5407810135075,5.564886892094374,10.0
801,1.1864256931141761,0.5181627128523312,611.171632308623,6.817435277454044,10.0
802,3.0932976207506595,1.9347520974492203,790.5889183811473,6.564583751902909,10.0
803,3.2302177087228516,1.6062625391885104,395.0538248918638,5.706530017750097,10.0
804,2.408588020860737,1.0298771127530961,696.2975581441917,5.845047753892724,10.0
805,3.813999060311253,0.9448033719314828,753.9493968898097,6.635948594632161,10.0
806,4.704651566460567,1.0245548446187742,771.8507964101104,6.092715227026577,10.0
807,4.665058308080494,1.6619802967717727,780.0678022027237,7.376631457302632,10.0
808,2.5287771713185947,1.4920559166056215,560.729819360736,7.137480458968102,10.0
809,1.0095712062833986,0.7777933518012019,788.6539539957519,7.467134413027326,10.0
810,4.931785395330506,0.7611640030011265,678.6551035672194,6.019341677900828,10.0
811,4.275041389006704,0.647593474570096,380.83571811848094,7.439447265595954,10.0
812,1.0609820654147009,1.4904540795520071,538.450053233985,6.362467739583115,10.0
813,4.643788471778175,1.646558993332604,659.165587686002,6.195037590627509,10.0
814,4.414533629279577,0.897569642487506,423.6701579095417,5.6006990539387065,10.0
815,2.8347712570673247,0.5314174415463693,620.3075917744436,5.605530515719205,10.0
816,3.1607394608521817,0.6232575012146411,633.3002395233096,6.88402251189331,10.0
817,2.2955121674155863,1.9517900522675458,381.34987190428296,6.415857988868056,10.0
818,0.746427374699141,0.9431671662161304,582.5426562263781,5.953043252072211,9.871889583191955
819,2.0083875874065544,1.6538347217572005,685.8134554893038,6.727940612650466,10.0
820,4.112840518691051,1.4369953532813957,549.447832267971,6.005716236500223,10.0
821,0.5208441035207129,1.0729094594793438,306.0515583880537,6.655263508688845,7.7797419909669285
822,2.000746272610149,0.8085308932933326,304.5192345396461,6.218417493965381,9.317959544936258
823,2.291759121159245,0.6820796272391096,478.5146719850061,7.147104453223638,10.0
824,2.918280213220653,1.4225194520583,763.097034215891,7.141392321533559,10.0
825,4.639350273857422,1.661950670956682,414.3383898018044,6.454700796244802,10.0
826,2.0585569746468257,1.465856380311696,617.1818444358436,6.201638218670031,10.0
827,2.0612894085330247,1.2954531998737375,411.0379353466603,6.225119593118189,10.0
828,3.818755616493868,0.5629268351474543,460.8349948297743,7.111429051336436,10.0
829,2.534980734004132,1.9527331663915757,724.021044800742,6.156358965595224,10.0
830,1.510721703229919,1.698071287481862,664.4307211349735,5.918118747413692,10.0
831,2.53597782259712,0.9392330550514472,347.6996386566053,5.669376683750613,10.0
832,1.1338565917090992,1.969955494038276,514.3510104932168,6.433386241768817,10.0
833,1.293741439278005,1.4028223844544832,314.5848818226322,6.464264197839684,9.287435341765214
834,2.7426549773276587,1.3736339873108698,540.4450733015045,7.181817420805814,10.0
835,2.3851645227704656,1.622109769144298,631.2170058505341,5.942477392892128,10.0
836,4.61680655480645,1.7176546821352063,359.2513117990758,6.2619825473368,10.0
837,2.130772546024849,1.484717910997254,444.4424694545828,7.116811477787381,10.0
838,3.1126475762511956,0.6921436195493,498.9183127510785,7.147247221497947,10.0
839,3.3451892956378866,1.0074012589917476,759.7655123280249,6.269222151957536,10.0
840,0.5589250546475013,1.8921254604890745,796.6275077114819,6.418248046573362,10.0
841,3.4859181740751977,0.8369234177657778,322.45564949780794,6.106571781698566,10.0
842,1.3011618509138814,1.05825053575627,680.5039617476959,7.365109756838624,10.0
843,4.824816428612548,1.148115324416294,485.8620332011716,5.737287531483161,10.0
844,1.1689822748890082,1.1591074845416782,496.22909311474,7.36749884600294,10.0
845,2.365808556771607,1.4194093737417883,677.1324866735113,6.867732903670687,10.0
846,0.8840735063538974,1.9146137566170613,759.2132160727043,6.563144305373463,10.0
847,4.985934133306763,0.8610390677487574,775.4642972512743,5.565318121568992,10.0
848,2.759877546490592,0.6822520644513771,588.5612930191604,6.451192383644017,10.0
849,3.179232577940197,0.796205734789906,478.5605796502514,6.315496210005465,10.0
850,0.8018441482479237,1.8303873503139043,693.7745429293896,5.822437623950245,10.0
851,3.8748221167963,1.468716218982809,425.5006916311501,6.812819207001314,10.0
852,1.444575168930136,0.9288601838587403,582.0370144167589,7.442301814736572,10.0
853,4.541244302483212,1.7239204084529258,479.28923076243655,6.6243776221290505,10.0
854,1.4231283821690321,1.792054994545154,628.315536853938,6.929506552887892,10.0
855,1.3580947429864996,1.769771508035417,420.19945644675346,5.636900905132034,10.0
856,0.664473505316427,1.8783898004593316,395.7964728674129,6.3353339916339895,9.859470070583802
857,2.6243012529949965,0.8783615302600424,759.1195433377186,5.732716970328992,10.0
858,3.041785099681774,1.6325628931194174,350.90184147476845,6.725591671073021,10.0
859,0.7956888774275857,1.19080924591121,552.9789538674659,7.376964316428309,10.0
860,3.9898742751275478,1.7629978293350923,410.4263914815044,6.8235554649432775,10.0
861,2.5397997563661243,1.5927360157424197,319.46498166283374,5.6536060966288435,10.0
862,2.8597562119741102,1.664671169749587,318.0094091457132,6.209332409970166,10.0
863,2.4834323612220266,1.4842427565216072,387.61088605291366,6.601326758881703,10.0
864,2.303433773938967,0.7661431542045603,733.3851772530002,6.306415512266504,10.0
865,3.0183814908869806,1.3175403783454076,441.2393719885133,7.167288020950345,10.0
866,1.1985811066882062,1.9770046092867624,775.2295852876479,7.129342009419979,10.0
867,1.31867658722872,1.9060820997456784,590.8111464945968,6.723662040206443,10.0
868,4.378035294560828,0.5647606036955175,518.3070948843831,6.24691589026541,10.0
869,4.757519579601348,0.7472222235941557,590.0444173347273,6.010672747526488,10.0
870,2.1798919232588885,0.6975931601818428,558.3491926131339,5.711748636426258,10.0
871,1.718351029145992,1.5889698649779431,679.3881268786627,6.209795366973108,10.0
872,3.397997944575571,1.7266779947854176,441.2480329864261,6.326345034415439,10.0
873,2.339303769941434,0.8202670494660078,476.5251958001512,6.851645850208147,10.0
874,0.6142386004715519,1.2587790394277434,747.0471512666254,6.816319648595147,10.0
875,1.2026866881478566,1.7610545420168,773.2282565752027,5.640216279282514,10.0
876,3.721875029813289,1.5992023171493759,746.2791137432373,6.290518630862316,10.0
877,3.465157738595681,1.3133558082377723,509.7239969786568,5.863557734434724,10.0
878,0.6219319662656757,1.3855215356881594,690.1827515034408,5.813625410633612,10.0
879,1.4988747286982724,1.26254082037442,538.1678666505494,7.154604299474492,10.0
880,1.5398365846463213,0.9463226769782309,548.7699260730511,5.5838304334325155,10.0
881,3.5235173461942777,1.3475329892885242,402.340054528642,6.338365751804242,10.0
882,0.5886974198946386,1.533327953075136,595.5651516292583,5.836407311533036,10.0
883,0.9684886189305824,1.8099843737912116,393.067948876674,7.258660431356948,10.0
884,4.0996223841793515,1.4544370309688721,465.78234953359686,6.61408102655007,10.0
885,1.3034509792445013,1.641682305564737,727.5151008099676,5.962761272753696,10.0
886,3.437357485333436,0.7401074524318595,403.5379046054276,6.504854574332753,10.0
887,1.5718225147102693,1.192336211629685,335.5791425867164,6.962972719406231,9.815594231551987
888,0.9474862674170532,0.51399742974064,334.50379630640816,7.416236017838868,8.002422393503648
889,1.5942748594975433,0.8700182967824346,770.392260251554,5.940892008490838,10.0
890,3.750201193350466,1.5896925726695073,553.4602189809173,7.27236354425869,10.0
891,4.350634106478286,1.987714927024045,504.7060359085092,7.36860822833498,10.0
892,4.235989390551462,0.6487671493808238,705.4392905039592,7.332841089064132,10.0
893,2.2873258832830468,1.1022414737919324,717.912963955258,6.7708287137238194,10.0
894,3.5063831145679076,1.7001064530487393,466.0955165578023,6.759641308869416,10.0
895,1.4224293293711945,0.8060534519433482,646.8090287368976,6.3064212663676456,10.0
896,1.8191647861745597,1.3326274239534293,685.5614079259433,7.004795764607576,10.0
897,4.5335111833450386,1.5996069440445122,627.3253434329772,6.562588036701864,10.0
898,0.5585086557983121,1.4239781753902685,375.7975374000497,6.854876142456589,8.994372578033275
899,0.8847883888451064,0.7820371019231243,737.9415417585285,6.356915807697591,10.0
900,1.435488148157123,1.0330768530286092,569.5472763680043,6.962992928086278,10.0
901,0.6193949174321887,1.6756876767280957,441.2362131850018,7.148943035209098,10.0
902,1.316459457904088,1.3313397711980248,512.6140927188469,5.792872513205632,10.0
903,3.1236870243636146,0.507844420314369,318.7855451994537,7.165859431148456,10.0
904,2.3964104776662407,1.6414861400421408,363.93340061120875,6.580593063580615,10.0
905,4.517022699846387,0.5529670324103586,682.7733752579304,7.189331818180449,10.0
906,4.178496027822984,1.6186006740968482,300.00581737768306,6.362603412682029,10.0
907,2.038178082640442,0.8037208402478562,508.2829142411461,6.25808097076607,10.0
908,1.6674054504408162,1.9371102201790702,561.2550905427943,7.330121465034445,10.0
909,2.208615836752701,1.0519111269531267,327.31721000048617,6.002338535096802,10.0
910,3.156327241316635,0.9903974245071187,786.5390814861664,7.188424650572286,10.0
911,1.7062863837029432,0.723332075498667,413.062665624836,6.468041145018808,10.0
912,3.3086700853211033,0.9584063232353224,452.09935981814044,6.52819088510252,10.0
913,2.342352434860582,1.8149761427423008,451.9712561275137,6.116936562978968,10.0
914,2.984212313833911,1.994501506440871,415.20833105867496,6.646084401238031,10.0
915,2.462569381108925,1.0524642957602726,300.7369110431557,6.150422392552422,10.0
916,1.8250959179386295,1.172915946431814,664.6723970439982,5.578538828483305,10.0
917,4.768039881329705,1.5831064073041055,783.4227498996427,6.043997210688712,10.0
918,3.936226073718924,1.8292936706976117,412.14674164252256,5.512758086813181,10.0
919,1.1305092909490364,1.3895665012801763,631.5235959017111,7.456709574113713,10.0
920,4.4081058915406075,1.087288547266744,670.9481634793576,7.431494419639495,10.0
921,2.6934403921228114,1.1189327612729356,724.2126895452624,6.29031059494461,10.0
922,4.525485021023411,1.5434272197452104,511.3145985068046,6.956741708679292,10.0
923,4.099348651762918,0.504827395406418,451.46545282021464,6.19161219682085,10.0
924,2.4134607701115502,1.429384006189761,462.64756701151555,6.842186314171952,10.0
925,0.6011118874405283,1.0332395156620362,656.3106665492564,7.110860086091958,10.0
926,1.7090481172322574,1.6912959969156263,708.389733252818,7.393512489384482,10.0
927,2.937353965973901,0.6394859597346982,390.8069838783013,6.300424551699344,10.0
928,3.3506519892176625,1.3823034004225858,485.47050407888264,7.066595965912096,10.0
929,1.6604945844494103,1.2214593348291856,750.970098374575,6.031856901264238,10.0
930,1.1271023333277086,1.463488288857841,703.3467598473696,7.480664607587297,10.0
931,4.257186065596846,0.5972803917244525,792.4292013812379,5.551539197528703,10.0
932,4.929809813165985,1.369975681142197,677.1241298410404,6.707057613002242,10.0
933,2.865605820362086,1.3422268819392855,496.59760051396114,6.819011963302654,10.0
934,1.2725567863173657,1.3409901416242564,595.3189169973189,6.876091114148258,10.0
935,1.7253829693371603,1.4052314998946822,630.5071271236602,5.740775157578178,10.0
936,0.5827580444636002,1.5147019058395434,339.22790815856195,7.377059566946261,9.051072793412434
937,4.614344629522246,1.7074834995211545,572.2484795519325,5.862366558100166,10.0
938,1.029879873005635,0.9047310801923215,654.6604142363049,6.745506806479682,10.0
939,3.094324139814141,1.737574115270093,383.6606520005302,5.94535215824617,10.0
940,1.733248493092427,1.2473835233951804,690.3158587127785,6.114432834042542,10.0
941,2.9938010113210702,0.6155874187014967,591.8863902570558,6.592917083456249,10.0
942,3.431391747583389,0.5878263938659688,776.1108928487973,6.334386837129153,10.0
943,4.233838116682407,1.0013574780440913,321.21114910344585,5.820451201953013,10.0
944,1.4288957229227144,1.6773454656672013,432.6630687777335,5.841872804841697,10.0
945,0.5494812289631621,1.5615214021113737,600.776939649912,6.3362895763255995,10.0
946,1.1159853353096327,1.6829224470086097,448.27995610296534,7.014565956551001,10.0
947,4.550083888316473,1.275903584662414,657.212082035621,7.295929293695577,10.0
948,4.432505349031318,1.160298496933236,679.5026412609654,5.668255324518766,10.0
949,3.1883589597663873,0.721178790059426,351.2579820332372,6.286207815118802,10.0
950,3.20232587195144,0.9922891304139674,556.9272321033839,5.700491127445753,10.0
951,3.49266503545815,1.1510290492608128,554.445277795528,5.533184961265196,10.0
952,1.2891707538055233,0.6329006445194258,484.6403851077705,6.823437365287913,9.996227909296836
953,4.614853756662319,0.8309179290668169,766.462431284836,6.704898883933176,10.0
954,2.384467362014329,1.3973379410956082,713.7531599366106,5.826038227629772,10.0
955,2.2241233771227384,1.6034946713587848,648.6046909548184,5.967625666186128,10.0
956,2.835129673772769,1.9975212670894245,657.1633178674988,5.5474155072890365,10.0
957,0.7113468504877477,1.8996699970153366,530.8580719065595,7.169894411388808,10.0
958,1.2482751594023573,1.4638477993027874,760.497260548288,7.449381192097103,10.0
959,3.821151273918667,1.131872079941108,647.2977136266427,5.770919073589382,10.0
960,0.8725940056630691,1.4542660470623492,664.4905308279083,5.962950427530596,10.0
961,3.214184492598747,1.678477427120348,730.8454518936726,7.236819047893868,10.0
962,1.6040709935659443,0.677504286385081,437.03579467109546,7.352927595912369,10.0
963,2.2518302631888947,1.1148573345444324,703.5354519333515,6.339254765613621,10.0
964,1.7991218154681494,1.7597034284534259,397.620301478246,5.6012449445381485,10.0
965,2.100527224092271,1.075749427899566,472.6709761224439,5.578783667385639,10.0
966,3.7357065733291046,1.3578084068407799,467.8052271349213,6.647899732138021,10.0
967,1.8370477203042876,1.3816540412932974,789.2627341945703,6.285790217786358,10.0
968,3.048820881336037,0.776714379700459,728.2686118739634,5.557304855155309,10.0
969,2.6422268098959485,1.0433531624784327,650.5849307951298,6.666504784625113,10.0
970,3.4865202441319165,1.0017669331128982,663.528380807695,5.522605073178045,10.0
971,4.715733826961411,0.5392950627980972,581.0363972012856,7.074743916298546,10.0
972,3.796574437446126,0.5362876458370329,773.5453335542595,6.112865645406743,10.0
973,1.4672317036584055,1.7475455655136602,548.1293764411807,5.580516006018464,10.0
974,0.6403241077757811,0.9096062149592186,490.2588549349473,6.676704441966306,9.221149518571005
975,1.680188199349213,1.277118149358223,381.5176684657955,6.29536882886611,10.0
976,3.1778506881511466,0.9480883603831596,693.1028261305289,7.447600826714299,10.0
977,0.7314161606791265,1.9110188676730107,667.2219660377957,6.588397325007405,10.0
978,2.7336481124055636,0.8889451382986606,492.17751926206745,6.050478362074017,10.0
979,3.1857928201260015,1.1444852191084025,312.5967069796147,6.918877729267949,10.0
980,2.004097508676324,1.8090953757269028,719.4986638590053,6.042984005085422,10.0
981,3.9691049168561987,1.762900350187713,305.7089917270368,7.30848658281513,10.0
982,0.9796921391019731,0.7791521267694159,651.8498898145255,6.249443941014753,10.0
983,0.8381200178111394,1.7039649646935655,785.1285548630285,6.59973712555241,10.0
984,3.776849402916215,1.187280330106839,518.8306640741017,5.6011462076484575,10.0
985,2.729710922927893,1.2244533081280329,417.48670249797635,6.352242475904461,10.0
986,3.597810783924812,0.7002199586239157,652.4355050216909,7.16472707932199,10.0
987,2.456723023716858,0.620902270635687,708.5640710077926,7.111297610726684,10.0
988,1.6088091495759806,1.5919089604606478,573.2151580389236,5.948637117707053,10.0
989,4.185960429533899,1.2446917285329495,783.5176376280731,5.952158142021125,10.0
990,4.097371455360406,1.1552760539227693,325.83436082898055,7.1346106244264735,10.0
991,3.6261341188449205,1.5942623429785951,552.397799152264,7.360796840338651,10.0
992,1.724653117534832,1.6482693484866646,659.226973661275,5.690721842546007,10.0
993,3.156038000910892,0.7383622515040303,731.3202355745896,6.40011727885245,10.0
994,2.1243825362301205,1.415337724216462,389.627805953895,6.1749085579284575,10.0
995,0.9121193299698537,0.7030311234165283,700.0017408818408,7.2413769109148785,10.0
996,4.627911089580093,1.6270626290435686,576.3535378592726,5.667049829360037,10.0
997,1.1156838391353263,1.4854327344007092,498.2768409949816,5.922251885116075,10.0
